{
    "pods": [
        {
            "version":"1.0.0",
            "name": "faq",
            "label": "FAQs",
            "description": "",
            "type": "post_type",
            "storage": "meta",
            "label_singular": "FAQ",
            "public": "1",
            "show_ui": "1",
            "rest_enable": "1",
            "supports_title": "1",
            "supports_editor": "1",
            "_migrated_28": "1",
            "required": "0",
            "show_in_menu": "1",
            "show_in_admin_bar": "1",
            "show_in_nav_menus": "1",
            "built_in_taxonomies_category": "1",
            "built_in_taxonomies_post_tag": "1",
            "pfat_enable": "1",
            "publicly_queryable": "1",
            "capability_type": "post",
            "capability_type_extra": "1",
            "has_archive": "1",
            "has_archive_slug": "\/faqs\/",
            "rewrite": "1",
            "can_export": "1",
            "default_status": "draft",
            "supports_excerpt": "1",
            "pfat_append_single": "append",
            "pfat_filter_single": "the_content",
            "pfat_filter_archive": "the_excerpt",
            "read_all": "1",
            "write_all": "1",
            "exclude_from_search": "0",
            "capability_type_custom": "faq",
            "hierarchical": "0",
            "rewrite_with_front": "1",
            "rewrite_feeds": "0",
            "rewrite_pages": "1",
            "query_var": "1",
            "revisions_to_keep_limit": "0",
            "delete_with_user": "1",
            "pfat_single": "FAQs",
            "groups": [
                {
                    "name": "more_fields",
                    "label": "More Fields",
                    "description": "",
                    "weight": 0,
                    "fields": [
                        {
                            "name": "related_faqs",
                            "label": "Related FAQs",
                            "description": "These are FAQs that relate to this question.",
                            "weight": 0,
                            "type": "pick",
                            "pick_object": "post_type",
                            "pick_val": "faq",
                            "post_status": "publish",
                            "pick_table": "-- Select One --",
                            "required": "0",
                            "pick_format_type": "multi",
                            "pick_format_single": "dropdown",
                            "pick_format_multi": "list",
                            "pick_display_format_multi": "default",
                            "pick_display_format_separator": ", ",
                            "pick_allow_add_new": "1",
                            "pick_taggable": "0",
                            "pick_show_icon": "1",
                            "pick_show_edit_link": "1",
                            "pick_show_view_link": "1",
                            "pick_limit": "0",
                            "pick_user_role": "Administrator",
                            "roles_allowed": "administrator",
                            "rest_pick_response": "array",
                            "rest_pick_depth": "1"
                        },
                        {
                            "name": "related_forms",
                            "label": "Related Forms",
                            "description": "List any related forms here.",
                            "weight": 1,
                            "type": "pick",
                            "pick_object": "post_type",
                            "pick_val": "form",
                            "post_status": "publish",
                            "pick_table": "-- Select One --",
                            "required": "0",
                            "pick_format_type": "multi",
                            "pick_format_single": "dropdown",
                            "pick_format_multi": "list",
                            "pick_display_format_multi": "default",
                            "pick_display_format_separator": ", ",
                            "pick_allow_add_new": "1",
                            "pick_taggable": "0",
                            "pick_show_icon": "1",
                            "pick_show_edit_link": "1",
                            "pick_show_view_link": "1",
                            "pick_limit": "0",
                            "pick_user_role": "Administrator",
                            "roles_allowed": "administrator",
                            "rest_pick_response": "array",
                            "rest_pick_depth": "1"
                        },
                        {
                            "name": "related_policies",
                            "label": "Related Policies",
                            "description": "These are policies that relate to the FAQ.",
                            "weight": 2,
                            "type": "pick",
                            "pick_object": "post_type",
                            "pick_val": "policy",
                            "post_status": "publish",
                            "pick_table": "-- Select One --",
                            "required": "0",
                            "pick_format_type": "multi",
                            "pick_format_single": "dropdown",
                            "pick_format_multi": "list",
                            "pick_display_format_multi": "default",
                            "pick_display_format_separator": ", ",
                            "pick_allow_add_new": "1",
                            "pick_taggable": "0",
                            "pick_show_icon": "1",
                            "pick_show_edit_link": "1",
                            "pick_show_view_link": "1",
                            "pick_limit": "0",
                            "pick_user_role": "Administrator",
                            "roles_allowed": "administrator",
                            "rest_pick_response": "array",
                            "rest_pick_depth": "1"
                        },
                        {
                            "name": "related_guidance_documents",
                            "label": "Related Guidance Documents",
                            "description": "List any related guidance documents here.",
                            "weight": 3,
                            "type": "pick",
                            "pick_object": "post_type",
                            "pick_val": "guidance_document",
                            "post_status": "publish",
                            "pick_table": "-- Select One --",
                            "required": "0",
                            "pick_format_type": "multi",
                            "pick_format_single": "dropdown",
                            "pick_format_multi": "list",
                            "pick_display_format_multi": "default",
                            "pick_display_format_separator": ", ",
                            "pick_allow_add_new": "1",
                            "pick_taggable": "0",
                            "pick_show_icon": "1",
                            "pick_show_edit_link": "1",
                            "pick_show_view_link": "1",
                            "pick_limit": "0",
                            "pick_user_role": "Administrator",
                            "roles_allowed": "administrator",
                            "rest_pick_response": "array",
                            "rest_pick_depth": "1"
                        },
                        {
                            "name": "related_procedures",
                            "label": "Related Procedures",
                            "description": "Put any related procedures here.",
                            "weight": 4,
                            "type": "pick",
                            "pick_object": "post_type",
                            "pick_val": "procedure",
                            "post_status": "publish",
                            "pick_table": "-- Select One --",
                            "required": "0",
                            "pick_format_type": "multi",
                            "pick_format_single": "dropdown",
                            "pick_format_multi": "list",
                            "pick_display_format_multi": "default",
                            "pick_display_format_separator": ", ",
                            "pick_allow_add_new": "1",
                            "pick_taggable": "0",
                            "pick_show_icon": "1",
                            "pick_show_edit_link": "1",
                            "pick_show_view_link": "1",
                            "pick_limit": "0",
                            "pick_user_role": "Administrator",
                            "roles_allowed": "administrator",
                            "rest_pick_response": "array",
                            "rest_pick_depth": "1"
                        }
                    ]
                }
            ]
        },
        {
            "version":"1.0.0",
            "name": "form",
            "label": "Forms",
            "description": "",
            "type": "post_type",
            "storage": "meta",
            "label_singular": "Form",
            "public": "1",
            "show_ui": "1",
            "rest_enable": "1",
            "supports_title": "1",
            "supports_editor": "1",
            "_migrated_28": "1",
            "required": "0",
            "read_all": "1",
            "write_all": "1",
            "pfat_enable": "1",
            "pfat_append_single": "append",
            "pfat_filter_single": "the_content",
            "pfat_append_archive": "replace",
            "pfat_filter_archive": "the_excerpt",
            "publicly_queryable": "1",
            "capability_type": "post",
            "capability_type_extra": "1",
            "has_archive": "1",
            "has_archive_slug": "\/forms\/",
            "rewrite": "1",
            "can_export": "1",
            "default_status": "draft",
            "supports_excerpt": "1",
            "built_in_taxonomies_category": "1",
            "built_in_taxonomies_post_tag": "1",
            "show_in_menu": "1",
            "show_in_nav_menus": "1",
            "show_in_admin_bar": "1",
            "exclude_from_search": "0",
            "capability_type_custom": "form",
            "hierarchical": "0",
            "rewrite_with_front": "1",
            "rewrite_feeds": "0",
            "rewrite_pages": "1",
            "query_var": "1",
            "revisions_to_keep_limit": "0",
            "delete_with_user": "1",
            "pfat_single": "Forms",
            "groups": [
                {
                    "name": "more_fields",
                    "label": "More Fields",
                    "description": "",
                    "weight": 0,
                    "fields": [
                        {
                            "name": "related_forms",
                            "label": "Related Forms",
                            "description": "Select Any Related Forms Here",
                            "weight": 0,
                            "type": "pick",
                            "pick_object": "post_type",
                            "pick_val": "form",
                            "post_status": "publish",
                            "pick_table": "-- Select One --",
                            "required": "0",
                            "pick_format_type": "multi",
                            "pick_format_single": "dropdown",
                            "pick_format_multi": "list",
                            "pick_display_format_multi": "default",
                            "pick_display_format_separator": ", ",
                            "pick_allow_add_new": "1",
                            "pick_taggable": "0",
                            "pick_show_icon": "1",
                            "pick_show_edit_link": "1",
                            "pick_show_view_link": "1",
                            "pick_limit": "0",
                            "pick_user_role": "Administrator",
                            "roles_allowed": "administrator",
                            "rest_pick_response": "array",
                            "rest_pick_depth": "1"
                        },
                        {
                            "name": "related_guidance_documents",
                            "label": "Related Guidance Documents",
                            "description": "Put any related guidance documents here.",
                            "weight": 1,
                            "type": "pick",
                            "pick_object": "post_type",
                            "pick_val": "guidance_document",
                            "post_status": "publish",
                            "pick_table": "-- Select One --",
                            "required": "0",
                            "pick_format_type": "multi",
                            "pick_format_single": "dropdown",
                            "pick_format_multi": "list",
                            "pick_display_format_multi": "default",
                            "pick_display_format_separator": ", ",
                            "pick_allow_add_new": "1",
                            "pick_taggable": "0",
                            "pick_show_icon": "1",
                            "pick_show_edit_link": "1",
                            "pick_show_view_link": "1",
                            "pick_limit": "0",
                            "pick_user_role": "Administrator",
                            "roles_allowed": "administrator",
                            "rest_pick_response": "array",
                            "rest_pick_depth": "1"
                        },
                        {
                            "name": "related_procedures",
                            "label": "Related Procedures",
                            "description": "Put any related procedures here.",
                            "weight": 2,
                            "type": "pick",
                            "pick_object": "post_type",
                            "pick_val": "procedure",
                            "post_status": "publish",
                            "pick_table": "-- Select One --",
                            "required": "0",
                            "pick_format_type": "multi",
                            "pick_format_single": "dropdown",
                            "pick_format_multi": "list",
                            "pick_display_format_multi": "default",
                            "pick_display_format_separator": ", ",
                            "pick_allow_add_new": "1",
                            "pick_taggable": "0",
                            "pick_show_icon": "1",
                            "pick_show_edit_link": "1",
                            "pick_show_view_link": "1",
                            "pick_limit": "0",
                            "pick_user_role": "Administrator",
                            "roles_allowed": "administrator",
                            "rest_pick_response": "array",
                            "rest_pick_depth": "1"
                        },
                        {
                            "name": "related_policies",
                            "label": "Related Policies",
                            "description": "Put any related policies here.",
                            "weight": 3,
                            "type": "pick",
                            "pick_object": "post_type",
                            "post_status": "publish",
                            "pick_table": "-- Select One --",
                            "required": "0",
                            "pick_format_type": "multi",
                            "pick_format_single": "dropdown",
                            "pick_format_multi": "list",
                            "pick_display_format_multi": "default",
                            "pick_display_format_separator": ", ",
                            "pick_allow_add_new": "1",
                            "pick_taggable": "0",
                            "pick_show_icon": "1",
                            "pick_show_edit_link": "1",
                            "pick_show_view_link": "1",
                            "pick_limit": "0",
                            "pick_user_role": "Administrator",
                            "roles_allowed": "administrator",
                            "rest_pick_response": "array",
                            "rest_pick_depth": "1",
                            "pick_val": "policy"
                        },
                        {
                            "name": "related_faqs",
                            "label": "Related FAQs",
                            "description": "Put any related FAQs here.",
                            "weight": 4,
                            "type": "pick",
                            "pick_object": "post_type",
                            "pick_val": "faq",
                            "post_status": "publish",
                            "pick_table": "-- Select One --",
                            "required": "0",
                            "pick_format_type": "multi",
                            "pick_format_single": "dropdown",
                            "pick_format_multi": "list",
                            "pick_display_format_multi": "default",
                            "pick_display_format_separator": ", ",
                            "pick_allow_add_new": "1",
                            "pick_taggable": "0",
                            "pick_show_icon": "1",
                            "pick_show_edit_link": "1",
                            "pick_show_view_link": "1",
                            "pick_limit": "0",
                            "pick_user_role": "Administrator",
                            "roles_allowed": "administrator",
                            "rest_pick_response": "array",
                            "rest_pick_depth": "1"
                        }
                    ]
                }
            ]
        },
        {
            "version":"1.0.0",
            "name": "guidance_document",
            "label": "Guidance Documents",
            "description": "",
            "type": "post_type",
            "storage": "meta",
            "label_singular": "Guidance Document",
            "public": "1",
            "show_ui": "1",
            "rest_enable": "1",
            "supports_title": "1",
            "supports_editor": "1",
            "_migrated_28": "1",
            "required": "0",
            "pfat_enable": "1",
            "pfat_single": "Guidance Documents",
            "pfat_append_single": "append",
            "pfat_archive": "true",
            "pfat_append_archive": "append",
            "pfat_filter_archive": "the_excerpt",
            "pfat_run_outside_loop": "0",
            "built_in_taxonomies_category": "1",
            "built_in_taxonomies_post_tag": "1",
            "show_in_menu": "1",
            "show_in_nav_menus": "1",
            "show_in_admin_bar": "1",
            "publicly_queryable": "1",
            "capability_type": "post",
            "capability_type_extra": "1",
            "has_archive": "1",
            "has_archive_slug": "\/guidance\/",
            "rewrite": "1",
            "rewrite_with_front": "1",
            "supports_excerpt": "1",
            "exclude_from_search": "0",
            "capability_type_custom": "guidance_document",
            "hierarchical": "0",
            "rewrite_feeds": "0",
            "rewrite_pages": "1",
            "query_var": "1",
            "can_export": "1",
            "default_status": "draft",
            "revisions_to_keep_limit": "0",
            "delete_with_user": "1",
            "archive_show_in_taxonomies_category": "0",
            "archive_show_in_taxonomies_post_tag": "0",
            "read_all": "1",
            "write_all": "guidance_document",
            "groups": [
                {
                    "name": "more_fields",
                    "label": "More Fields",
                    "description": "",
                    "weight": 0,
                    "fields": [
                        {
                            "name": "document_name",
                            "label": "Document Name",
                            "description": "This is the name of the Guidance Document",
                            "weight": 0,
                            "type": "text",
                            "required": "0",
                            "text_allowed_html_tags": "strong em a ul ol li b i",
                            "text_max_length": "255",
                            "roles_allowed": "administrator",
                            "rest_pick_response": "array",
                            "rest_pick_depth": "1",
                            "rest_read": "1",
                            "rest_write": "1"
                        },
                        {
                            "name": "purpose",
                            "label": "Purpose",
                            "description": "This is purpose of the Guidance Document",
                            "weight": 1,
                            "type": "paragraph",
                            "required": "0",
                            "paragraph_allowed_html_tags": "strong em a ul ol li b i",
                            "paragraph_max_length": "-1",
                            "roles_allowed": "administrator",
                            "rest_pick_response": "array",
                            "rest_pick_depth": "1"
                        },
                        {
                            "name": "guidance_document_pdf",
                            "label": "Guidance Document PDF",
                            "description": "This is a downloadable PDF of your guidance document.",
                            "weight": 2,
                            "type": "file",
                            "required": "0",
                            "file_format_type": "single",
                            "file_uploader": "attachment",
                            "file_attachment_tab": "upload",
                            "file_upload_dir": "wp",
                            "file_edit_title": "1",
                            "file_show_edit_link": "1",
                            "file_linked": "1",
                            "file_limit": "0",
                            "file_type": "other",
                            "file_field_template": "rows",
                            "file_add_button": "Add File",
                            "file_modal_title": "Attach a file",
                            "file_modal_add_button": "Add File",
                            "roles_allowed": "administrator",
                            "rest_pick_response": "array",
                            "rest_pick_depth": "1",
                            "file_allowed_extensions": "pdf"
                        },
                        {
                            "name": "related_policies",
                            "label": "Related Policies",
                            "description": "This Guidance Document should appear along with these policies",
                            "weight": 3,
                            "type": "pick",
                            "pick_object": "post_type",
                            "pick_val": "policy",
                            "post_status": "publish",
                            "pick_table": "-- Select One --",
                            "required": "0",
                            "pick_format_type": "multi",
                            "pick_format_single": "dropdown",
                            "pick_format_multi": "list",
                            "pick_display_format_multi": "default",
                            "pick_display_format_separator": ", ",
                            "pick_allow_add_new": "1",
                            "pick_taggable": "0",
                            "pick_show_icon": "1",
                            "pick_show_edit_link": "1",
                            "pick_show_view_link": "1",
                            "pick_limit": "0",
                            "pick_user_role": "Administrator",
                            "roles_allowed": "administrator",
                            "rest_pick_response": "array",
                            "rest_pick_depth": "1"
                        },
                        {
                            "name": "related_procedures",
                            "label": "Related Procedures",
                            "description": "These are procedures that relate to this guidance document.",
                            "weight": 4,
                            "type": "pick",
                            "pick_object": "post_type",
                            "pick_val": "procedure",
                            "post_status": "publish",
                            "pick_table": "-- Select One --",
                            "required": "0",
                            "pick_format_type": "multi",
                            "pick_format_single": "dropdown",
                            "pick_format_multi": "list",
                            "pick_display_format_multi": "default",
                            "pick_display_format_separator": ", ",
                            "pick_allow_add_new": "1",
                            "pick_taggable": "0",
                            "pick_show_icon": "1",
                            "pick_show_edit_link": "1",
                            "pick_show_view_link": "1",
                            "pick_limit": "0",
                            "pick_user_role": "Administrator",
                            "roles_allowed": "administrator",
                            "rest_pick_response": "array",
                            "rest_pick_depth": "1"
                        },
                        {
                            "name": "related_guidance_documents",
                            "label": "Related Guidance Documents",
                            "description": "List any related guidance documents here.",
                            "weight": 5,
                            "type": "pick",
                            "pick_object": "post_type",
                            "pick_val": "guidance_document",
                            "post_status": "publish",
                            "pick_table": "-- Select One --",
                            "required": "0",
                            "pick_format_type": "multi",
                            "pick_format_single": "dropdown",
                            "pick_format_multi": "list",
                            "pick_display_format_multi": "default",
                            "pick_display_format_separator": ", ",
                            "pick_allow_add_new": "1",
                            "pick_taggable": "0",
                            "pick_show_icon": "1",
                            "pick_show_edit_link": "1",
                            "pick_show_view_link": "1",
                            "pick_limit": "0",
                            "pick_user_role": "Administrator",
                            "roles_allowed": "administrator",
                            "rest_pick_response": "array",
                            "rest_pick_depth": "1"
                        },
                        {
                            "name": "related_faqs",
                            "label": "Related FAQs",
                            "description": "List any related FAQs here.",
                            "weight": 6,
                            "type": "pick",
                            "pick_object": "post_type",
                            "pick_val": "faq",
                            "post_status": "publish",
                            "pick_table": "-- Select One --",
                            "required": "0",
                            "pick_format_type": "multi",
                            "pick_format_single": "dropdown",
                            "pick_format_multi": "list",
                            "pick_display_format_multi": "default",
                            "pick_display_format_separator": ", ",
                            "pick_allow_add_new": "1",
                            "pick_taggable": "0",
                            "pick_show_icon": "1",
                            "pick_show_edit_link": "1",
                            "pick_show_view_link": "1",
                            "pick_limit": "0",
                            "pick_user_role": "Administrator",
                            "roles_allowed": "administrator",
                            "rest_pick_response": "array",
                            "rest_pick_depth": "1"
                        },
                        {
                            "name": "related_forms",
                            "label": "Related Forms",
                            "description": "List any related forms here",
                            "weight": 7,
                            "type": "pick",
                            "pick_object": "post_type",
                            "pick_val": "form",
                            "post_status": "publish",
                            "pick_table": "-- Select One --",
                            "required": "0",
                            "pick_format_type": "multi",
                            "pick_format_single": "dropdown",
                            "pick_format_multi": "list",
                            "pick_display_format_multi": "default",
                            "pick_display_format_separator": ", ",
                            "pick_allow_add_new": "1",
                            "pick_taggable": "0",
                            "pick_show_icon": "1",
                            "pick_show_edit_link": "1",
                            "pick_show_view_link": "1",
                            "pick_limit": "0",
                            "pick_user_role": "Administrator",
                            "roles_allowed": "administrator",
                            "rest_pick_response": "array",
                            "rest_pick_depth": "1"
                        }
                    ]
                }
            ]
        },
        {
            "version":"1.0.0",
            "name": "policy",
            "label": "Policies",
            "description": "",
            "label_singular": "Policy",
            "public": "1",
            "show_ui": "1",
            "supports_title": "1",
            "supports_editor": "1",
            "type": "post_type",
            "storage": "meta",
            "publicly_queryable": "1",
            "exclude_from_search": "0",
            "capability_type": "post",
            "capability_type_custom": "policy",
            "capability_type_extra": "1",
            "has_archive": "1",
            "hierarchical": "0",
            "rewrite": "1",
            "rewrite_with_front": "1",
            "rewrite_feeds": "0",
            "rewrite_pages": "1",
            "query_var": "0",
            "can_export": "1",
            "default_status": "draft",
            "supports_author": "0",
            "supports_thumbnail": "0",
            "supports_excerpt": "1",
            "supports_trackbacks": "0",
            "supports_custom_fields": "0",
            "supports_comments": "0",
            "supports_revisions": "0",
            "supports_page_attributes": "0",
            "supports_post_formats": "0",
            "built_in_taxonomies_category": "1",
            "built_in_taxonomies_link_category": "0",
            "built_in_taxonomies_post_tag": "1",
            "built_in_taxonomies_wp_theme": "0",
            "show_in_menu": "1",
            "menu_position": "0",
            "show_in_nav_menus": "1",
            "show_in_admin_bar": "1",
            "pfat_enable": "1",
            "pfat_append_single": "append",
            "pfat_filter_single": "the_content",
            "pfat_append_archive": "replace",
            "pfat_filter_archive": "the_excerpt",
            "pfat_run_outside_loop": "0",
            "rest_enable": "1",
            "read_all": "1",
            "write_all": "1",
            "pfat_single": "Policy",
            "has_archive_slug": "\/policies\/",
            "_migrated_28": "1",
            "required": "0",
            "built_in_taxonomies_category_type": "1",
            "revisions_to_keep_limit": "0",
            "delete_with_user": "1",
            "groups": [
                {
                    "name": "more_fields",
                    "label": "More Fields",
                    "description": "",
                    "weight": 0,
                    "fields": [
                        {
                            "name": "policy_number",
                            "label": "Policy Number",
                            "description": "",
                            "weight": 0,
                            "type": "text",
                            "required": "0",
                            "text_allow_shortcode": "0",
                            "text_allow_html": "0",
                            "text_allowed_html_tags": "strong em a ul ol li b i",
                            "text_max_length": "255",
                            "pick_post_status": [
                                "publish"
                            ],
                            "admin_only": "0",
                            "restrict_role": "0",
                            "restrict_capability": "0",
                            "hidden": "0",
                            "read_only": "0",
                            "roles_allowed": [
                                "administrator"
                            ],
                            "rest_read": "0",
                            "rest_write": "0",
                            "rest_pick_response": "array",
                            "rest_pick_depth": "1",
                            "unique": "0",
                            "text_repeatable": "0",
                        },
                        {
                            "name": "version_number",
                            "label": "Version Number",
                            "description": "",
                            "weight": 1,
                            "type": "number",
                            "required": "0",
                            "number_format_type": "number",
                            "number_format": "i18n",
                            "number_decimals": "0",
                            "number_format_soft": "0",
                            "number_step": "1",
                            "number_min": "0",
                            "number_max": "100",
                            "number_max_length": "12",
                            "pick_post_status": [
                                "publish"
                            ],
                            "admin_only": "0",
                            "restrict_role": "0",
                            "restrict_capability": "0",
                            "hidden": "0",
                            "read_only": "0",
                            "roles_allowed": [
                                "administrator"
                            ],
                            "rest_read": "0",
                            "rest_write": "0",
                            "rest_pick_response": "array",
                            "rest_pick_depth": "1",
                            "unique": "0",
                            "number_repeatable": "0",
                            "number_html5": "0"
                        },
                        {
                            "name": "effective_date",
                            "label": "Effective Date",
                            "description": "",
                            "weight": 2,
                            "type": "date",
                            "required": "0",
                            "date_type": "wp",
                            "date_format": "mdy",
                            "date_allow_empty": "1",
                            "date_html5": "0",
                            "pick_post_status": [
                                "publish"
                            ],
                            "admin_only": "0",
                            "restrict_role": "0",
                            "restrict_capability": "0",
                            "hidden": "0",
                            "read_only": "0",
                            "roles_allowed": [
                                "administrator"
                            ],
                            "rest_read": "0",
                            "rest_write": "0",
                            "rest_pick_response": "array",
                            "rest_pick_depth": "1",
                            "unique": "0",
                            "date_repeatable": "0",
                        },
                        {
                            "name": "objective",
                            "label": "Objective",
                            "description": "One sentence or one pragraph explaining this policy's purpose",
                            "weight": 3,
                            "type": "paragraph",
                            "required": "0",
                            "paragraph_allow_html": "1",
                            "paragraph_oembed": "0",
                            "paragraph_wptexturize": "1",
                            "paragraph_convert_chars": "1",
                            "paragraph_wpautop": "1",
                            "paragraph_allow_shortcode": "0",
                            "paragraph_allowed_html_tags": "strong em a ul ol li b i",
                            "paragraph_max_length": "0",
                            "pick_post_status": [
                                "publish"
                            ],
                            "admin_only": "0",
                            "restrict_role": "0",
                            "restrict_capability": "0",
                            "hidden": "0",
                            "read_only": "0",
                            "roles_allowed": [
                                "administrator"
                            ],
                            "rest_read": "0",
                            "rest_write": "0",
                            "rest_pick_response": "array",
                            "rest_pick_depth": "1",
                            "unique": "0",
                            "paragraph_repeatable": "0"
                        },
                        {
                            "name": "policy_pdf",
                            "label": "Policy PDF",
                            "description": "Upload the PDF of the policy here.",
                            "weight": 4,
                            "type": "file",
                            "required": "0",
                            "file_format_type": "single",
                            "file_uploader": "attachment",
                            "file_attachment_tab": "upload",
                            "file_upload_dir": "wp",
                            "file_edit_title": "1",
                            "file_show_edit_link": "1",
                            "file_linked": "1",
                            "file_limit": "0",
                            "file_type": "any",
                            "file_field_template": "rows",
                            "file_add_button": "Add File",
                            "file_modal_title": "Attach a file",
                            "file_modal_add_button": "Add File",
                            "roles_allowed": "administrator",
                            "rest_pick_response": "array",
                            "rest_pick_depth": "1",
                            "file_allowed_extensions": "pdf"
                        },
                        {
                            "name": "related_policies",
                            "label": "Related Policies",
                            "description": "Link any related policies to this policy",
                            "weight": 5,
                            "type": "pick",
                            "pick_object": "post_type",
                            "pick_val": "policy",
                            "required": "0",
                            "pick_format_type": "multi",
                            "pick_format_single": "dropdown",
                            "pick_format_multi": "list",
                            "pick_display_format_multi": "custom",
                            "pick_display_format_separator": "\u2022 <br\/>",
                            "pick_allow_add_new": "1",
                            "pick_taggable": "0",
                            "pick_show_icon": "1",
                            "pick_show_edit_link": "1",
                            "pick_show_view_link": "1",
                            "pick_limit": "0",
                            "pick_user_role": "Administrator",
                            "pick_post_status": [
                                "publish"
                            ],
                            "admin_only": "0",
                            "restrict_role": "0",
                            "restrict_capability": "0",
                            "hidden": "0",
                            "read_only": "0",
                            "roles_allowed": [
                                "administrator"
                            ],
                            "rest_read": "0",
                            "rest_write": "0",
                            "rest_pick_response": "array",
                            "rest_pick_depth": "1",
                            "unique": "0",
                            "post_status": "publish",
                            "pick_table": "-- Select One --"
                        },
                        {
                            "name": "related_guidance_documents",
                            "label": "Related Guidance Documents",
                            "description": "These are Guidance Documents for this Policy",
                            "weight": 6,
                            "type": "pick",
                            "pick_object": "post_type",
                            "pick_val": "guidance_document",
                            "post_status": "publish",
                            "pick_table": "-- Select One --",
                            "required": "0",
                            "pick_format_type": "multi",
                            "pick_format_single": "dropdown",
                            "pick_format_multi": "list",
                            "pick_display_format_multi": "default",
                            "pick_display_format_separator": ", ",
                            "pick_allow_add_new": "1",
                            "pick_taggable": "0",
                            "pick_show_icon": "1",
                            "pick_show_edit_link": "1",
                            "pick_show_view_link": "1",
                            "pick_limit": "0",
                            "pick_user_role": "Administrator",
                            "roles_allowed": "administrator",
                            "rest_pick_response": "array",
                            "rest_pick_depth": "1"
                        },
                        {
                            "name": "related_procedures",
                            "label": "Related Procedures",
                            "description": "These are procedures that relate to this policy.",
                            "weight": 7,
                            "type": "pick",
                            "pick_object": "post_type",
                            "pick_val": "procedure",
                            "post_status": "publish",
                            "pick_table": "-- Select One --",
                            "required": "0",
                            "pick_format_type": "multi",
                            "pick_format_single": "dropdown",
                            "pick_format_multi": "list",
                            "pick_display_format_multi": "default",
                            "pick_display_format_separator": ", ",
                            "pick_allow_add_new": "1",
                            "pick_taggable": "0",
                            "pick_show_icon": "1",
                            "pick_show_edit_link": "1",
                            "pick_show_view_link": "1",
                            "pick_limit": "0",
                            "pick_user_role": "Administrator",
                            "roles_allowed": "administrator",
                            "rest_pick_response": "array",
                            "rest_pick_depth": "1"
                        },
                        {
                            "name": "related_forms",
                            "label": "Related Forms",
                            "description": "List any related forms here.",
                            "weight": 8,
                            "type": "pick",
                            "pick_object": "post_type",
                            "pick_val": "form",
                            "post_status": "publish",
                            "pick_table": "-- Select One --",
                            "required": "0",
                            "pick_format_type": "multi",
                            "pick_format_single": "dropdown",
                            "pick_format_multi": "list",
                            "pick_display_format_multi": "default",
                            "pick_display_format_separator": ", ",
                            "pick_allow_add_new": "1",
                            "pick_taggable": "0",
                            "pick_show_icon": "1",
                            "pick_show_edit_link": "1",
                            "pick_show_view_link": "1",
                            "pick_limit": "0",
                            "pick_user_role": "Administrator",
                            "roles_allowed": "administrator",
                            "rest_pick_response": "array",
                            "rest_pick_depth": "1"
                        },
                        {
                            "name": "related_faqs",
                            "label": "Related FAQs",
                            "description": "List any related FAQs here.",
                            "weight": 9,
                            "type": "pick",
                            "pick_object": "post_type",
                            "pick_val": "faq",
                            "post_status": "publish",
                            "pick_table": "-- Select One --",
                            "required": "0",
                            "pick_format_type": "multi",
                            "pick_format_single": "dropdown",
                            "pick_format_multi": "list",
                            "pick_display_format_multi": "default",
                            "pick_display_format_separator": ", ",
                            "pick_allow_add_new": "1",
                            "pick_taggable": "0",
                            "pick_show_icon": "1",
                            "pick_show_edit_link": "1",
                            "pick_show_view_link": "1",
                            "pick_limit": "0",
                            "pick_user_role": "Administrator",
                            "roles_allowed": "administrator",
                            "rest_pick_response": "array",
                            "rest_pick_depth": "1"
                        },
                        {
                            "name": "general",
                            "label": "general",
                            "description": "",
                            "weight": 10,
                            "type": "boolean",
                            "required": "0",
                            "boolean_format_type": "checkbox",
                            "boolean_yes_label": "Yes",
                            "boolean_no_label": "No",
                            "roles_allowed": "administrator",
                            "rest_pick_response": "array",
                            "rest_pick_depth": "1"
                        },
                        {
                            "name": "board",
                            "label": "board",
                            "description": "",
                            "weight": 11,
                            "type": "boolean",
                            "required": "0",
                            "boolean_format_type": "checkbox",
                            "boolean_yes_label": "Yes",
                            "boolean_no_label": "No",
                            "roles_allowed": "administrator",
                            "rest_pick_response": "array",
                            "rest_pick_depth": "1"
                        },
                        {
                            "name": "fiscal",
                            "label": "fiscal",
                            "description": "",
                            "weight": 12,
                            "type": "boolean",
                            "required": "0",
                            "boolean_format_type": "checkbox",
                            "boolean_yes_label": "Yes",
                            "boolean_no_label": "No",
                            "roles_allowed": "administrator",
                            "rest_pick_response": "array",
                            "rest_pick_depth": "1"
                        },
                        {
                            "name": "health",
                            "label": "health",
                            "description": "",
                            "weight": 13,
                            "type": "boolean",
                            "required": "0",
                            "boolean_format_type": "checkbox",
                            "boolean_yes_label": "Yes",
                            "boolean_no_label": "No",
                            "roles_allowed": "administrator",
                            "rest_pick_response": "array",
                            "rest_pick_depth": "1"
                        },
                        {
                            "name": "human",
                            "label": "human",
                            "description": "",
                            "weight": 14,
                            "type": "boolean",
                            "required": "0",
                            "boolean_format_type": "checkbox",
                            "boolean_yes_label": "Yes",
                            "boolean_no_label": "No",
                            "roles_allowed": "administrator",
                            "rest_pick_response": "array",
                            "rest_pick_depth": "1"
                        },
                        {
                            "name": "technology",
                            "label": "technology",
                            "description": "",
                            "weight": 15,
                            "type": "boolean",
                            "required": "0",
                            "boolean_format_type": "checkbox",
                            "boolean_yes_label": "Yes",
                            "boolean_no_label": "No",
                            "roles_allowed": "administrator",
                            "rest_pick_response": "array",
                            "rest_pick_depth": "1"
                        },
                        {
                            "name": "research",
                            "label": "research",
                            "description": "",
                            "weight": 16,
                            "type": "pick",
                            "post_status": "publish",
                            "required": "0",
                            "roles_allowed": "administrator",
                            "rest_pick_response": "array",
                            "rest_pick_depth": "1",
                            "pick_object": "taxonomy",
                            "pick_val": "category",
                            "pick_table": "-- Select One --",
                            "pick_format_type": "single",
                            "pick_format_single": "dropdown",
                            "pick_format_multi": "checkbox",
                            "pick_display_format_multi": "default",
                            "pick_display_format_separator": ", ",
                            "pick_allow_add_new": "1",
                            "pick_taggable": "0",
                            "pick_show_icon": "1",
                            "pick_show_edit_link": "1",
                            "pick_show_view_link": "1",
                            "pick_limit": "0",
                            "pick_user_role": "Administrator",
                            "rest_read": "1",
                            "rest_write": "1"
                        }
                    ]
                }
            ]
        },
        {
            "version":"1.0.0",
            "name": "procedure",
            "label": "Procedures",
            "description": "",
            "type": "post_type",
            "storage": "meta",
            "label_singular": "Procedure",
            "public": "1",
            "show_ui": "1",
            "rest_enable": "1",
            "supports_title": "1",
            "supports_editor": "1",
            "_migrated_28": "1",
            "show_in_menu": "1",
            "show_in_nav_menus": "1",
            "show_in_admin_bar": "1",
            "built_in_taxonomies_category": "1",
            "built_in_taxonomies_post_tag": "1",
            "publicly_queryable": "1",
            "capability_type": "post",
            "capability_type_extra": "1",
            "has_archive": "1",
            "has_archive_slug": "\/policies\/",
            "rewrite": "1",
            "can_export": "1",
            "hierarchical": "0",
            "default_status": "draft",
            "supports_excerpt": "1",
            "pfat_enable": "1",
            "pfat_single": "Procedure",
            "pfat_append_single": "append",
            "pfat_filter_single": "the_content",
            "read_all": "1",
            "write_all": "1",
            "required": "0",
            "pfat_archive": "Procedure",
            "pfat_append_archive": "true",
            "pfat_filter_archive": "the_excerpt",
            "pfat_run_outside_loop": "0",
            "archive_show_in_taxonomies_category": "1",
            "archive_show_in_taxonomies_post_tag": "1",
            "exclude_from_search": "0",
            "capability_type_custom": "procedure",
            "rewrite_with_front": "1",
            "rewrite_feeds": "0",
            "rewrite_pages": "1",
            "query_var": "1",
            "revisions_to_keep_limit": "0",
            "delete_with_user": "1",
            "groups": [
                {
                    "name": "more_fields",
                    "label": "More Fields",
                    "description": "",
                    "weight": 0,
                    "fields": [
                        {
                            "name": "procedure_number",
                            "label": "Procedure Number",
                            "description": "This is the procedure number",
                            "weight": 0,
                            "type": "text",
                            "required": "0",
                            "text_allowed_html_tags": "strong em a ul ol li b i",
                            "text_max_length": "255",
                            "roles_allowed": "administrator",
                            "rest_pick_response": "array",
                            "rest_pick_depth": "1"
                        },
                        {
                            "name": "version_number",
                            "label": "Version Number",
                            "description": "This is the procedure version number.",
                            "weight": 1,
                            "type": "text",
                            "required": "0",
                            "text_allowed_html_tags": "strong em a ul ol li b i",
                            "text_max_length": "255",
                            "roles_allowed": "administrator",
                            "rest_pick_response": "array",
                            "rest_pick_depth": "1"
                        },
                        {
                            "name": "effective_date",
                            "label": "Effective Date",
                            "description": "This is the procedure effective date",
                            "weight": 2,
                            "type": "date",
                            "required": "0",
                            "date_type": "format",
                            "date_format": "mdy",
                            "date_allow_empty": "1",
                            "date_html5": "0",
                            "roles_allowed": "administrator",
                            "rest_pick_response": "array",
                            "rest_pick_depth": "1"
                        },
                        {
                            "name": "objective",
                            "label": "Objective",
                            "description": "This is the procedure's purpose.",
                            "weight": 3,
                            "type": "paragraph",
                            "required": "0",
                            "paragraph_allowed_html_tags": "strong em a ul ol li b i",
                            "paragraph_max_length": "-1",
                            "roles_allowed": "administrator",
                            "rest_pick_response": "array",
                            "rest_pick_depth": "1"
                        },
                        {
                            "name": "procedure_pdf",
                            "label": "Procedure PDF",
                            "description": "This is the downloadable PDF of the procedure",
                            "weight": 4,
                            "type": "file",
                            "required": "0",
                            "file_format_type": "single",
                            "file_uploader": "attachment",
                            "file_attachment_tab": "upload",
                            "file_upload_dir": "wp",
                            "file_edit_title": "1",
                            "file_show_edit_link": "1",
                            "file_linked": "1",
                            "file_limit": "0",
                            "file_type": "other",
                            "file_field_template": "rows",
                            "file_add_button": "Add File",
                            "file_modal_title": "Attach a file",
                            "file_modal_add_button": "Add File",
                            "roles_allowed": "administrator",
                            "rest_pick_response": "array",
                            "rest_pick_depth": "1",
                            "file_allowed_extensions": "pdf"
                        },
                        {
                            "name": "related_policies",
                            "label": "Related Policies",
                            "description": "These are policies that relate to the procedure.",
                            "weight": 5,
                            "type": "pick",
                            "pick_object": "post_type",
                            "pick_val": "policy",
                            "post_status": "publish",
                            "pick_table": "-- Select One --",
                            "required": "0",
                            "pick_format_type": "multi",
                            "pick_format_single": "dropdown",
                            "pick_format_multi": "list",
                            "pick_display_format_multi": "default",
                            "pick_display_format_separator": ", ",
                            "pick_allow_add_new": "1",
                            "pick_taggable": "0",
                            "pick_show_icon": "1",
                            "pick_show_edit_link": "1",
                            "pick_show_view_link": "1",
                            "pick_limit": "0",
                            "pick_user_role": "Administrator",
                            "roles_allowed": "administrator",
                            "rest_pick_response": "array",
                            "rest_pick_depth": "1"
                        },
                        {
                            "name": "related_guidance_documents",
                            "label": "Related Guidance Documents",
                            "description": "These are related guidance documents for this procedure",
                            "weight": 6,
                            "type": "pick",
                            "pick_object": "post_type",
                            "pick_val": "guidance_document",
                            "post_status": "publish",
                            "pick_table": "-- Select One --",
                            "required": "0",
                            "pick_format_type": "multi",
                            "pick_format_single": "dropdown",
                            "pick_format_multi": "list",
                            "pick_display_format_multi": "default",
                            "pick_display_format_separator": ", ",
                            "pick_allow_add_new": "1",
                            "pick_taggable": "0",
                            "pick_show_icon": "1",
                            "pick_show_edit_link": "1",
                            "pick_show_view_link": "1",
                            "pick_limit": "0",
                            "pick_user_role": "Administrator",
                            "roles_allowed": "administrator",
                            "rest_pick_response": "array",
                            "rest_pick_depth": "1"
                        },
                        {
                            "name": "related_procedures",
                            "label": "Related Procedures",
                            "description": "These are procedures that relate to this procedure.",
                            "weight": 7,
                            "type": "pick",
                            "pick_object": "post_type",
                            "pick_val": "procedure",
                            "post_status": "publish",
                            "pick_table": "-- Select One --",
                            "required": "0",
                            "pick_format_type": "multi",
                            "pick_format_single": "dropdown",
                            "pick_format_multi": "list",
                            "pick_display_format_multi": "default",
                            "pick_display_format_separator": ", ",
                            "pick_allow_add_new": "1",
                            "pick_taggable": "0",
                            "pick_show_icon": "1",
                            "pick_show_edit_link": "1",
                            "pick_show_view_link": "1",
                            "pick_limit": "0",
                            "pick_user_role": "Administrator",
                            "roles_allowed": "administrator",
                            "rest_pick_response": "array",
                            "rest_pick_depth": "1"
                        },
                        {
                            "name": "related_forms",
                            "label": "Related Forms",
                            "description": "List any related forms here.",
                            "weight": 8,
                            "type": "pick",
                            "pick_object": "post_type",
                            "pick_val": "form",
                            "post_status": "publish",
                            "pick_table": "-- Select One --",
                            "required": "0",
                            "pick_format_type": "multi",
                            "pick_format_single": "dropdown",
                            "pick_format_multi": "list",
                            "pick_display_format_multi": "default",
                            "pick_display_format_separator": ", ",
                            "pick_allow_add_new": "1",
                            "pick_taggable": "0",
                            "pick_show_icon": "1",
                            "pick_show_edit_link": "1",
                            "pick_show_view_link": "1",
                            "pick_limit": "0",
                            "pick_user_role": "Administrator",
                            "roles_allowed": "administrator",
                            "rest_pick_response": "array",
                            "rest_pick_depth": "1"
                        },
                        {
                            "name": "related_faqs",
                            "label": "Related FAQs",
                            "description": "List any related FAQs here.",
                            "weight": 9,
                            "type": "pick",
                            "pick_object": "post_type",
                            "pick_val": "faq",
                            "post_status": "publish",
                            "pick_table": "-- Select One --",
                            "required": "0",
                            "pick_format_type": "multi",
                            "pick_format_single": "dropdown",
                            "pick_format_multi": "list",
                            "pick_display_format_multi": "default",
                            "pick_display_format_separator": ", ",
                            "pick_allow_add_new": "1",
                            "pick_taggable": "0",
                            "pick_show_icon": "1",
                            "pick_show_edit_link": "1",
                            "pick_show_view_link": "1",
                            "pick_limit": "0",
                            "pick_user_role": "Administrator",
                            "roles_allowed": "administrator",
                            "rest_pick_response": "array",
                            "rest_pick_depth": "1"
                        }
                    ]
                }
            ]
        }
    ],
    "templates": [
        {
            "name": "Board",
            "code": "[if board]\r\n<h5 class=\"accordion-toggle\">{@post_title}<\/h5>\r\n<div class=\"accordion-container\">\r\n<h4>{@post_excerpt} <a href=\"{@permalink,esc_url }\">Full Policy ><\/a><\/h4>\r\n<\/div>\r\n[\/if]",
            "pod_reference": {
                "pod": ""
            }
        },
        {
            "name": "FAQs",
            "code": "<div>\r\n\t[if related_faqs]<hr>\r\n\t<h3>Related FAQs:<\/h3>\r\n\t<ul id=\"post_title\">\r\n\t\t[each related_faqs]\r\n\t\t<li><h6><a href=\"{@related_faqs.permalink,esc_url}\">{@related_faqs.post_title}<\/a><\/h6><\/li>\r\n\t\t[\/each]\r\n\t<\/ul>\r\n\t[else]\r\n\t[\/if]\r\n\t\r\n\t[if related_forms]<hr>\r\n\t<h3>Related Forms:<\/h3>\r\n\t<ul id=\"post_title\">\r\n\t\t[each related_forms]\r\n\t\t<li><h6><a href=\"{@related_forms.permalink,esc_url}\">{@related_forms.post_title}<\/a><\/h6><\/li>\r\n\t\t[\/each]\r\n\t<\/ul>\r\n\t[else]\r\n\t[\/if]\r\n\t\t\r\n\t[if related_guidance_documents]<hr>\r\n\t<h3>Related Guidance Documents:<\/h3>\r\n\t<ul id=\"post_title\">\r\n\t\t[each related_guidance_documents]\r\n\t\t<li><h6><a href=\"{@related_guidance_documents.permalink,esc_url}\">{@related_guidance_documents.post_title}<\/a><\/h6><\/li>\r\n\t\t[\/each]\r\n\t<\/ul>\r\n\t[else]\r\n\t[\/if]\r\n\r\n\t[if related_policies]<hr>\r\n\t<h3>Related Policies:<\/h3>\r\n\t<ul id=\"post_title\">\r\n\t\t[each related_policies]\r\n\t\t<li><h6><a href=\"{@related_policies.permalink,esc_url}\">{@related_policies.post_title}<\/a><\/h6><\/li>\r\n\t\t[\/each]\r\n\t<\/ul>\r\n\t[else]\r\n\t[\/if]\r\n\t\t\r\n\t[if related_procedures]<hr>\r\n\t<h3>Related Procedures:<\/h3>\r\n\t<ul id=\"post_title\">\r\n\t\t[each related_procedures]\r\n\t\t<li><h6><a href=\"{@related_procedures.permalink,esc_url}\">{@related_procedures.post_title}<\/a><\/h6><\/li>\r\n\t\t[\/each]\r\n\t<\/ul>\r\n\t[else]\r\n\t[\/if]\r\n\r\n<\/div>",
            "pod_reference": {
                "pod": ""
            }
        },
        {
            "name": "featuredpost",
            "code": "<div>{@featured_policy}<\/div>",
            "pod_reference": {
                "pod": "policy"
            }
        },
        {
            "name": "fiscal",
            "code": "[if fiscal]\r\n<h5 class=\"accordion-toggle\">{@post_title}<\/h5>\r\n<div class=\"accordion-container\">\r\n<h4>{@post_excerpt} <a href=\"{@permalink,esc_url }\">Full Policy ><\/a><\/h4>\r\n<\/div>\r\n[\/if]",
            "pod_reference": {
                "pod": ""
            }
        },
        {
            "name": "Forms",
            "code": "<div>\r\n\t[if related_forms]<hr>\r\n\t<h3>Related Forms:<\/h3>\r\n\t<ul id=\"post_title\">\r\n\t\t[each related_forms]\r\n\t\t<li><h6><a href=\"{@related_forms.permalink,esc_url}\">{@related_forms.post_title}<\/a><\/h6><\/li>\r\n\t\t[\/each]\r\n\t<\/ul>\r\n\t[else]\r\n\t[\/if]\r\n\t\r\n\t[if related_faqs]<hr>\r\n\t<h3>Related FAQs:<\/h3>\r\n\t<ul id=\"post_title\">\r\n\t\t[each related_faqs]\r\n\t\t<li><h6><a href=\"{@related_faqs.permalink,esc_url}\">{@related_faqs.post_title}<\/a><\/h6><\/li>\r\n\t\t[\/each]\r\n\t<\/ul>\r\n\t[else]\r\n\t[\/if]\r\n\r\n\t[if related_guidance_documents]<hr>\r\n\t<h3>Related Guidance Documents:<\/h3>\r\n\t<ul id=\"post_title\">\r\n\t\t[each related_guidance_documents]\r\n\t\t<li><h6><a href=\"{@related_guidance_documents.permalink,esc_url}\">{@related_guidance_documents.post_title}<\/a><\/h6><\/li>\r\n\t\t[\/each]\r\n\t<\/ul>\r\n\t[else]\r\n\t[\/if]\r\n\r\n\t[if related_policies]<hr>\r\n\t<h3>Related Policies:<\/h3>\r\n\t<ul id=\"post_title\">\r\n\t\t[each related_policies]\r\n\t\t<li><h6><a href=\"{@related_policies.permalink,esc_url}\">{@related_policies.post_title}<\/a><\/h6><\/li>\r\n\t\t[\/each]\r\n\t<\/ul>\r\n\t[else]\r\n\t[\/if]\r\n\t\t\r\n\t[if related_procedures]<hr>\r\n\t<h3>Related Procedures:<\/h3>\r\n\t<ul id=\"post_title\">\r\n\t\t[each related_procedures]\r\n\t\t<li><h6><a href=\"{@related_procedures.permalink,esc_url}\">{@related_procedures.post_title}<\/a><\/h6><\/li>\r\n\t\t[\/each]\r\n\t<\/ul>\r\n\t[else]\r\n\t[\/if]\r\n\r\n<\/div>",
            "pod_reference": {
                "pod": ""
            }
        },
        {
            "name": "general",
            "code": "[if general]\r\n<h5 class=\"accordion-toggle\">{@post_title}<\/h5>\r\n<div class=\"accordion-container\">\r\n<h4>{@post_excerpt} <a href=\"{@permalink,esc_url }\">Full Policy ><\/a><\/h4>\r\n<\/div>\r\n[\/if]",
            "pod_reference": {
                "pod": ""
            }
        },
        {
            "name": "Guidance Documents",
            "code": "<div><h6><hr>{@post_title}<br>Version: {@version_number} \/\/ Effective: {@effective_date}<br\/><a href=\"{@guidance_document_pdf}\"><img src=\"https:\/\/utpolicystage.wpengine.com\/wp-content\/uploads\/PDF.download.icon_.png\" alt=\"PDF icon\" width=\"20\"> Downloadable PDF<\/a><\/h6>\r\n\t[if related_guidance_documents]<hr>\r\n\t<h3>Related Guidance Documents:<\/h3>\r\n\t<ul id=\"post_title\">\r\n\t\t[each related_guidance_documents]\r\n\t\t<li><h6><a href=\"{@related_guidance_documents.permalink,esc_url}\">{@related_guidance_documents.post_title}<\/a><\/h6><\/li>\r\n\t\t[\/each]\r\n\t<\/ul>\r\n\t[else]\r\n\t[\/if]\r\n\r\n\t[if related_forms]<hr>\r\n\t<h3>Related Forms:<\/h3>\r\n\t<ul id=\"post_title\">\r\n\t\t[each related_forms]\r\n\t\t<li><h6><a href=\"{@related_forms.permalink,esc_url}\">{@related_forms.post_title}<\/a><\/h6><\/li>\r\n\t\t[\/each]\r\n\t<\/ul>\r\n\t[else]\r\n\t[\/if]\r\n\t\r\n\t[if related_faqs]<hr>\r\n\t<h3>Related FAQs:<\/h3>\r\n\t<ul id=\"post_title\">\r\n\t\t[each related_faqs]\r\n\t\t<li><h6><a href=\"{@related_faqs.permalink,esc_url}\">{@related_faqs.post_title}<\/a><\/h6><\/li>\r\n\t\t[\/each]\r\n\t<\/ul>\r\n\t[else]\r\n\t[\/if]\r\n\t\r\n\t[if related_policies]<hr>\r\n\t<h3>Related Policies:<\/h3>\r\n\t<ul id=\"post_title\">\r\n\t\t[each related_policies]\r\n\t\t<li><h6><a href=\"{@related_policies.permalink,esc_url}\">{@related_policies.post_title}<\/a><\/h6><\/li>\r\n\t\t[\/each]\r\n\t<\/ul>\r\n\t[else]\r\n\t[\/if]\r\n\t\t\r\n\t[if related_procedures]<hr>\r\n\t<h3>Related Procedures:<\/h3>\r\n\t<ul id=\"post_title\">\r\n\t\t[each related_procedures]\r\n\t\t<li><h6><a href=\"{@related_procedures.permalink,esc_url}\">{@related_procedures.post_title}<\/a><\/h6><\/li>\r\n\t\t[\/each]\r\n\t<\/ul>\r\n\t[else]\r\n\t[\/if]\r\n\r\n<\/div>",
            "pod_reference": {
                "pod": "guidance_document"
            }
        },
        {
            "name": "Guidance Documents List",
            "code": "<h5 class=\"accordion-toggle\">{@post_title}<\/h5>\r\n<div class=\"accordion-container\">\r\n<h4>{@post_excerpt} <a href=\"{@permalink}\">Full Guidance Document > <\/a><\/h4>\r\n<\/div>",
            "pod_reference": {
                "pod": ""
            }
        },
        {
            "name": "GuidanceDocumentList",
            "code": "<div>\r\n\t[if guidance_document]\r\n\t<ul id=\"post_title\">\r\n\t[each guidance_document]\r\n\t<li><a href=\"{@permalink,esc_url}\">{@post_title}<\/a><\/li>\r\n\t[\/each]\r\n\t<\/ul>\r\n\t[else]\r\n\t[\/if]\r\n<\/div>\r\n<div>\r\n\t<ul>\r\n\t[each policy]\r\n\t<li><a href=\"{@permalink,esc_url}\">{@post_title}<\/a><\/li>\r\n\t[\/each]\r\n\t<\/ul>\r\n\t[else]\r\n\t[\/if]\r\n<\/div>",
            "pod_reference": {
                "pod": ""
            }
        },
        {
            "name": "health",
            "code": "[if health]\r\n<h5 class=\"accordion-toggle\">{@post_title}<\/h5>\r\n<div class=\"accordion-container\">\r\n<h4>{@post_excerpt} <a href=\"{@permalink,esc_url }\">Full Policy ><\/a><\/h4>\r\n<\/div>\r\n[\/if]",
            "pod_reference": {
                "pod": ""
            }
        },
        {
            "name": "human",
            "code": "[if human]\r\n<h5 class=\"accordion-toggle\">{@post_title}<\/h5>\r\n<div class=\"accordion-container\">\r\n<h4>{@post_excerpt} <a href=\"{@permalink,esc_url }\">Full Policy ><\/a><\/h4>\r\n<\/div>\r\n[\/if]",
            "pod_reference": {
                "pod": ""
            }
        },
        {
            "name": "Policy",
            "code": "<div><hr><h3>Policy Details:<\/h3><h6>{@post_title}<br>Version: {@version_number} \/\/ Effective: {@effective_date}<br\/><a href=\"{@policy_pdf}\"><img src=\"https:\/\/utpolicystage.wpengine.com\/wp-content\/uploads\/PDF.download.icon_.png\" alt=\"PDF icon\" width=\"20\"> Downloadable PDF<\/a><\/h6>\r\n\t[if related_policies]<hr>\r\n\t<h3>Related Policies:<\/h3>\r\n\t<ul id=\"post_title\">\r\n\t\t[each related_policies]\r\n\t\t<li><h6><a href=\"{@related_policies.permalink,esc_url}\">{@related_policies.post_title}<\/a><\/h6><\/li>\r\n\t\t[\/each]\r\n\t<\/ul>\r\n\t[else]\r\n\t[\/if]\r\n\t\r\n\t[if related_faqs]<hr>\r\n\t<h3>Related FAQs:<\/h3>\r\n\t<ul id=\"post_title\">\r\n\t\t[each related_faqs]\r\n\t\t<li><h6><a href=\"{@related_faqs.permalink,esc_url}\">{@related_faqs.post_title}<\/a><\/h6><\/li>\r\n\t\t[\/each]\r\n\t<\/ul>\r\n\t[else]\r\n\t[\/if]\r\n\r\n\t\r\n\t[if related_forms]<hr>\r\n\t<h3>Related Forms:<\/h3>\r\n\t<ul id=\"post_title\">\r\n\t\t[each related_forms]\r\n\t\t<li><h6><a href=\"{@related_forms.permalink,esc_url}\">{@related_forms.post_title}<\/a><\/h6><\/li>\r\n\t\t[\/each]\r\n\t<\/ul>\r\n\t[else]\r\n\t[\/if]\r\n\r\n\r\n\t[if related_guidance_documents]<hr>\r\n\t<h3>Related Guidance Documents:<\/h3>\r\n\t<ul id=\"post_title\">\r\n\t\t[each related_guidance_documents]\r\n\t\t<li><h6><a href=\"{@related_guidance_documents.permalink,esc_url}\">{@related_guidance_documents.post_title}<\/a><\/h6><\/li>\r\n\t\t[\/each]\r\n\t<\/ul>\r\n\t[else]\r\n\t[\/if]\r\n\t\r\n\t[if related_procedures]<hr>\r\n\t<h3>Related Procedures:<\/h3>\r\n\t<ul id=\"post_title\">\r\n\t\t[each related_procedures]\r\n\t\t<li><h6><a href=\"{@related_procedures.permalink,esc_url}\">{@related_procedures.post_title}<\/a><\/h6><\/li>\r\n\t\t[\/each]\r\n\t<\/ul>\r\n\t[else]\r\n\t[\/if]\r\n\r\n<\/div>",
            "pod_reference": {
                "pod": "policy"
            }
        },
        {
            "name": "Policy Meta (Right Sidebar)",
            "code": "<div>\r\n\t[if related_policies]\r\n\t<ul id=\"post_title\">\r\n\t\t[each related_policies]\r\n\t\t<li><a href=\"{@related_policies.permalink,esc_url}\">{@related_policies.post_title}<\/a><\/li>\r\n\t\t[\/each]\r\n\t<\/ul>\r\n\t[else]\r\n\t\tThere are no related policies for {post_title}.\r\n\t[\/if]\r\n<\/div>",
            "pod_reference": {
                "pod": ""
            }
        },
        {
            "name": "Possible Archive page with collapse excerpt",
            "code": "<h5 class=\"accordion-toggle\">{@post_title}<\/h5>\r\n<div class=\"accordion-container\">\r\n<h4>{@post_excerpt} <a href=\"{@permalink}\">Full Policy<\/a><\/h4>\r\n<\/div>",
            "pod_reference": {
                "pod": ""
            }
        },
        {
            "name": "Procedure",
            "code": "<div><h6><hr>{@post_title}<br>Version: {@version_number} \/\/ Effective: {@effective_date}<br\/><a href=\"{@procedure_pdf}\"><img src=\"https:\/\/utpolicystage.wpengine.com\/wp-content\/uploads\/PDF.download.icon_.png\" alt=\"PDF icon\" width=\"20\"> Downloadable PDF<\/a><\/h6>\r\n\t[if related_procedures]<hr>\r\n\t<h2>Related Procedures:<\/h2>\r\n\t<ul id=\"post_title\">\r\n\t\t[each related_procedure]\r\n\t\t<li><a href=\"{@related_procedure.permalink,esc_url}\">{@related_procedure.post_title}<\/a><\/li>\r\n\t\t[\/each]\r\n\t<\/ul>\r\n\t[else]\r\n\t[\/if]\r\n\r\n\t[if related_forms]<hr>\r\n\t<h3>Related Forms:<\/h3>\r\n\t<ul id=\"post_title\">\r\n\t\t[each related_forms]\r\n\t\t<li><h6><a href=\"{@related_forms.permalink,esc_url}\">{@related_forms.post_title}<\/a><\/h6><\/li>\r\n\t\t[\/each]\r\n\t<\/ul>\r\n\t[else]\r\n\t[\/if]\r\n\t\r\n\t[if related_faqs]<hr>\r\n\t<h3>Related FAQs:<\/h3>\r\n\t<ul id=\"post_title\">\r\n\t\t[each related_faqs]\r\n\t\t<li><h6><a href=\"{@related_faqs.permalink,esc_url}\">{@related_faqs.post_title}<\/a><\/h6><\/li>\r\n\t\t[\/each]\r\n\t<\/ul>\r\n\t[else]\r\n\t[\/if]\r\n\t\r\n\t[if related_guidance_documents]<hr>\r\n\t<h3>Related Guidance Documents:<\/h3>\r\n\t<ul id=\"post_title\">\r\n\t\t[each related_guidance_documents]\r\n\t\t<li><h6><a href=\"{@related_guidance_documents.permalink,esc_url}\">{@related_guidance_documents.post_title}<\/a><\/h6><\/li>\r\n\t\t[\/each]\r\n\t<\/ul>\r\n\t[else]\r\n\t[\/if]\r\n\r\n\t[if related_policies]<hr>\r\n\t<h3>Related Policies:<\/h3>\r\n\t<ul id=\"post_title\">\r\n\t\t[each related_policies]\r\n\t\t<li><h6><a href=\"{@related_policies.permalink,esc_url}\">{@related_policies.post_title}<\/a><\/h6><\/li>\r\n\t\t[\/each]\r\n\t<\/ul>\r\n\t[else]\r\n\t[\/if]\r\n\t\t\r\n<\/div>",
            "pod_reference": {
                "pod": ""
            }
        },
        {
            "name": "Procedure Archive List",
            "code": "<h5 class=\"accordion-toggle\">{@post_title}<\/h5>\r\n<div class=\"accordion-container\">\r\n<h4>{@post_excerpt} <a href=\"{@permalink}\">Full Procedure > <\/a><\/h4>\r\n<\/div>",
            "pod_reference": {
                "pod": ""
            }
        },
        {
            "name": "research",
            "code": "[if research]<div><h5 class=\"accordion-toggle\">{@post_title}<\/h5><\/div>\r\n<div class=\"accordion-container\">\r\n<h4>{@post_excerpt} <a href=\"{@permalink,esc_url }\">Full Policy ><\/a><\/h4>\r\n<\/div>\r\n[\/if]",
            "pod_reference": {
                "pod": ""
            }
        },
        {
            "name": "technology",
            "code": "[if technology]\r\n<h5 class=\"accordion-toggle\">{@post_title}<\/h5>\r\n<div class=\"accordion-container\">\r\n<h4>{@post_excerpt} <a href=\"{@permalink,esc_url }\">Full Policy ><\/a><\/h4>\r\n<\/div>\r\n[\/if]",
            "pod_reference": {
                "pod": ""
            }
        }
    ]
}